{
	"info": {
		"_postman_id": "90e63bdd-7252-4399-9a8f-e39fdbc01109",
		"name": "Udacity",
		"schema": "https://schema.getpostman.com/json/collection/v2.1.0/collection.json"
	},
	"item": [
		{
			"name": "Save Customer",
			"request": {
				"method": "POST",
				"header": [
					{
						"key": "Content-Type",
						"name": "Content-Type",
						"value": "application/json",
						"type": "text"
					}
				],
				"body": {
					"mode": "raw",
					"raw": "{\r\n  \"name\": \"Alex\",\r\n  \"phoneNumber\": \"1234567890\"\r\n}",
					"options": {
						"raw": {
							"language": "json"
						}
					}
				},
				"url": {
					"raw": "http://localhost:8082/api/customer",
					"protocol": "http",
					"host": [
						"localhost"
					],
					"port": "8082",
					"path": [
						"api",
						"customer"
					]
				}
			},
			"response": []
		},
		{
			"name": "Save Pet",
			"request": {
				"method": "POST",
				"header": [
					{
						"key": "Content-Type",
						"name": "Content-Type",
						"value": "application/json",
						"type": "text"
					}
				],
				"body": {
					"mode": "raw",
					"raw": "{\r\n  \"type\": \"FELINE\",\r\n  \"name\": \"Kilo\",\r\n  \"birthDate\": \"2019-12-16T04:43:57.995Z\",\r\n  \"notes\": \"HI KILO\",\r\n  \"ownerId\": 1\r\n}",
					"options": {
						"raw": {
							"language": "json"
						}
					}
				},
				"url": {
					"raw": "http://localhost:8082/api/pet",
					"protocol": "http",
					"host": [
						"localhost"
					],
					"port": "8082",
					"path": [
						"api",
						"pet"
					]
				}
			},
			"response": []
		},
		{
			"name": "Save Employee",
			"request": {
				"method": "POST",
				"header": [
					{
						"key": "Content-Type",
						"name": "Content-Type",
						"value": "application/json",
						"type": "text"
					}
				],
				"body": {
					"mode": "raw",
					"raw": "{\r\n  \"name\": \"Hannah\",\r\n  \"skills\": [\"GROOMING_SERVICES\", \"BEHAVIOR_TRAINING\"]\r\n}",
					"options": {
						"raw": {
							"language": "json"
						}
					}
				},
				"url": {
					"raw": "http://localhost:8082/api/employee",
					"protocol": "http",
					"host": [
						"localhost"
					],
					"port": "8082",
					"path": [
						"api",
						"employee"
					]
				}
			},
			"response": []
		},
		{
			"name": "Add Employee Schedule",
			"request": {
				"method": "PUT",
				"header": [
					{
						"key": "Content-Type",
						"name": "Content-Type",
						"type": "text",
						"value": "application/json"
					}
				],
				"body": {
					"mode": "raw",
					"raw": "[\"MONDAY\", \"TUESDAY\", \"FRIDAY\"]",
					"options": {
						"raw": {
							"language": "json"
						}
					}
				},
				"url": {
					"raw": "http://localhost:8082/api/employee/1/availability",
					"protocol": "http",
					"host": [
						"localhost"
					],
					"port": "8082",
					"path": [
						"api",
						"employee",
						"1",
						"availability"
					]
				}
			},
			"response": []
		},
		{
			"name": "Check Availability",
			"protocolProfileBehavior": {
				"disableBodyPruning": true
			},
			"request": {
				"method": "GET",
				"header": [
					{
						"key": "Content-Type",
						"name": "Content-Type",
						"type": "text",
						"value": "application/json"
					}
				],
				"body": {
					"mode": "raw",
					"raw": "{\n\t\"date\": \"2019-12-17\",\n\t\"skills\": [\"GROOMING_SERVICES\", \"BEHAVIOR_TRAINING\"]\n}",
					"options": {
						"raw": {
							"language": "json"
						}
					}
				},
				"url": {
					"raw": "http://localhost:8082/api/employee/availability",
					"protocol": "http",
					"host": [
						"localhost"
					],
					"port": "8082",
					"path": [
						"api",
						"employee",
						"availability"
					]
				}
			},
			"response": []
		},
		{
			"name": "Create Schedule",
			"request": {
				"method": "POST",
				"header": [
					{
						"key": "Content-Type",
						"name": "Content-Type",
						"type": "text",
						"value": "application/json"
					}
				],
				"body": {
					"mode": "raw",
					"raw": "{\n\t\"employeeIds\": [1],\n\t\"petIds\": [1],\n\t\"date\": \"2019-12-17\",\n\t\"activities\": [\"GROOMING_SERVICES\", \"BEHAVIOR_TRAINING\"]\n}",
					"options": {
						"raw": {
							"language": "json"
						}
					}
				},
				"url": {
					"raw": "http://localhost:8082/api/schedule",
					"protocol": "http",
					"host": [
						"localhost"
					],
					"port": "8082",
					"path": [
						"api",
						"schedule"
					]
				}
			},
			"response": []
		},
		{
			"name": "Find Schedule By Pet",
			"request": {
				"method": "GET",
				"header": [
					{
						"key": "Content-Type",
						"name": "Content-Type",
						"type": "text",
						"value": "application/json"
					}
				],
				"url": {
					"raw": "http://localhost:8082/api/schedule/pet/1",
					"protocol": "http",
					"host": [
						"localhost"
					],
					"port": "8082",
					"path": [
						"api",
						"schedule",
						"pet",
						"1"
					]
				}
			},
			"response": []
		},
		{
			"name": "Find Schedule By Employee",
			"request": {
				"method": "GET",
				"header": [
					{
						"key": "Content-Type",
						"name": "Content-Type",
						"type": "text",
						"value": "application/json"
					}
				],
				"url": {
					"raw": "http://localhost:8082/api/schedule/employee/1",
					"protocol": "http",
					"host": [
						"localhost"
					],
					"port": "8082",
					"path": [
						"api",
						"schedule",
						"employee",
						"1"
					]
				}
			},
			"response": []
		},
		{
			"name": "Find Schedule By Owner",
			"request": {
				"method": "GET",
				"header": [
					{
						"key": "Content-Type",
						"name": "Content-Type",
						"type": "text",
						"value": "application/json"
					}
				],
				"url": {
					"raw": "http://localhost:8082/api/schedule/guardian/1",
					"protocol": "http",
					"host": [
						"localhost"
					],
					"port": "8082",
					"path": [
						"api",
						"schedule",
						"guardian",
						"1"
					]
				}
			},
			"response": []
		},
		{
			"name": "Get All Customers",
			"request": {
				"method": "GET",
				"header": [
					{
						"key": "Content-Type",
						"name": "Content-Type",
						"value": "application/json",
						"type": "text"
					}
				],
				"url": {
					"raw": "http://localhost:8082/api/customer",
					"protocol": "http",
					"host": [
						"localhost"
					],
					"port": "8082",
					"path": [
						"api",
						"customer"
					]
				}
			},
			"response": []
		},
		{
			"name": "Get All Pets",
			"request": {
				"method": "GET",
				"header": [
					{
						"key": "Content-Type",
						"name": "Content-Type",
						"value": "application/json",
						"type": "text"
					}
				],
				"url": {
					"raw": "http://localhost:8082/api/companion",
					"protocol": "http",
					"host": [
						"localhost"
					],
					"port": "8082",
					"path": [
						"api",
						"companion"
					]
				}
			},
			"response": []
		},
		{
			"name": "Get Pets By Owner",
			"request": {
				"method": "GET",
				"header": [
					{
						"key": "Content-Type",
						"name": "Content-Type",
						"type": "text",
						"value": "application/json"
					}
				],
				"url": {
					"raw": "http://localhost:8082/api/companion/guardian/1",
					"protocol": "http",
					"host": [
						"localhost"
					],
					"port": "8082",
					"path": [
						"api",
						"companion",
						"guardian",
						"1"
					]
				}
			},
			"response": []
		},
		{
			"name": "Get Owner By Pet",
			"request": {
				"method": "GET",
				"header": [
					{
						"key": "Content-Type",
						"name": "Content-Type",
						"type": "text",
						"value": "application/json"
					}
				],
				"url": {
					"raw": "http://localhost:8082/api/guardian/companion/1",
					"protocol": "http",
					"host": [
						"localhost"
					],
					"port": "8082",
					"path": [
						"api",
						"guardian",
						"companion",
						"1"
					]
				}
			},
			"response": []
		}
	]
}
